kota,kota_safe,year,lst_c_mean,lst_max,lst_min,lst_std,lst_p90,ndvi_mean,mndwi_mean,nbi_mean,lst_background,uhi_intensity,lst_baseline,delta_lst,year_num,is_urban,cluster,zona_uhi,uhi_category
Bukittinggi,Bukittinggi,2015,34.1141,44.33,27.04,3.7626,39.3,0.2538,-0.1416,39155.7894,31.6088,2.5053,34.1141,0.0,0,1,1,UHI Intensif 🔴,Tinggi
Bukittinggi,Bukittinggi,2017,34.9376,45.32,26.09,4.597,41.32,0.255,-0.1662,39436.9162,31.8187,3.1189,34.1141,0.8235,2,1,1,UHI Intensif 🔴,Tinggi
Bukittinggi,Bukittinggi,2018,35.3305,47.24,14.17,5.849,42.67,0.2497,-0.1696,40142.4497,32.7504,2.5801,34.1141,1.2164,3,1,1,UHI Intensif 🔴,Tinggi
Bukittinggi,Bukittinggi,2019,35.8355,47.69,25.56,5.1681,43.14,0.2543,-0.1634,39610.2763,33.3499,2.4856,34.1141,1.7214,4,1,1,UHI Intensif 🔴,Tinggi
Bukittinggi,Bukittinggi,2021,33.4272,45.22,22.31,4.1911,39.0,0.244,-0.1532,39031.3652,33.4272,0.0,34.1141,-0.6869,6,1,1,UHI Intensif 🔴,Sedang
Bukittinggi,Bukittinggi,2022,30.4567,44.84,-5.44,7.3852,38.88,0.2423,-0.1461,37846.4581,24.3504,6.1063,34.1141,-3.6574,7,1,1,UHI Intensif 🔴,Tinggi
Bukittinggi,Bukittinggi,2025,31.8703,42.18,21.47,5.0012,38.58,0.241,-0.16,38918.0045,21.0815,10.7888,34.1141,-2.2438,10,1,1,UHI Intensif 🔴,Tinggi
Padang,Padang,2015,31.6088,80.98,16.47,6.0277,40.23,0.3197,-0.1312,33099.6034,31.6088,0.0,31.6088,0.0,0,1,1,UHI Intensif 🔴,Sedang
Padang,Padang,2016,-2.3434,32.75,-58.39,10.4168,8.59,0.2286,-0.0715,26426.7679,0.28905000000000003,-2.6324,31.6088,-33.9522,1,1,1,UHI Intensif 🔴,Rendah
Padang,Padang,2017,29.0518,82.73,8.99,8.3338,40.71,0.3251,-0.1408,31990.2928,31.8187,-2.7669,31.6088,-2.557,2,1,1,UHI Intensif 🔴,Rendah
Padang,Padang,2018,32.2359,86.31,11.98,7.4505,42.95,0.3285,-0.1558,33340.4905,32.7504,-0.5145,31.6088,0.6271,3,1,1,UHI Intensif 🔴,Rendah
Padang,Padang,2019,33.3499,86.38,17.27,7.2185,43.94,0.3309,-0.1507,33088.5405,33.3499,0.0,31.6088,1.7411,4,1,1,UHI Intensif 🔴,Sedang
Padang,Padang,2020,31.1805,86.12,-4.19,7.5199,42.19,0.3257,-0.1489,32822.5967,25.456,5.7245,31.6088,-0.4283,5,1,1,UHI Intensif 🔴,Tinggi
Padang,Padang,2021,33.5077,84.85,19.97,6.65,43.78,0.333,-0.1565,33425.0552,33.4272,0.0805,31.6088,1.8989,6,1,1,UHI Intensif 🔴,Sedang
Padang,Padang,2022,23.145,61.99,-46.7,10.4184,35.0,0.3143,-0.1364,30920.1801,24.3504,-1.2054,31.6088,-8.4638,7,1,1,UHI Intensif 🔴,Rendah
Padang,Padang,2023,29.2066,77.24,-23.67,10.8327,43.89,0.2925,-0.1251,33116.3931,23.54175,5.6649,31.6088,-2.4022,8,1,1,UHI Intensif 🔴,Tinggi
Padang,Padang,2024,25.4682,59.68,-50.2,9.8522,36.32,0.3085,-0.1389,32239.2511,23.971,1.4972,31.6088,-6.1406,9,1,1,UHI Intensif 🔴,Tinggi
Padang,Padang,2025,18.7335,50.91,-13.16,6.9069,28.99,0.3151,-0.1322,29946.3306,21.0815,-2.348,31.6088,-12.8753,10,1,1,UHI Intensif 🔴,Rendah
Padang Panjang,Padang_Panjang,2015,28.7762,44.06,18.68,2.7405,32.75,0.3003,-0.1005,33366.3317,31.6088,-2.8326,28.7762,0.0,0,1,2,UHI Rendah 🟢,Rendah
Padang Panjang,Padang_Panjang,2017,31.8187,48.82,25.63,3.6619,37.49,0.3306,-0.1638,33993.0898,31.8187,0.0,28.7762,3.0425,2,1,2,UHI Rendah 🟢,Sedang
Padang Panjang,Padang_Panjang,2018,33.8366,51.88,20.19,4.3496,40.08,0.3229,-0.1694,35417.4005,32.7504,1.0862,28.7762,5.0604,3,1,2,UHI Rendah 🟢,Tinggi
Padang Panjang,Padang_Panjang,2019,32.8293,49.58,25.19,3.8284,38.13,0.3302,-0.1637,34393.8516,33.3499,-0.5206,28.7762,4.0531,4,1,2,UHI Rendah 🟢,Rendah
Padang Panjang,Padang_Panjang,2021,33.3947,50.41,27.21,3.734,39.03,0.3218,-0.1651,35138.4213,33.4272,-0.0325,28.7762,4.6185,6,1,2,UHI Rendah 🟢,Sedang
Padang Panjang,Padang_Panjang,2022,-13.2993,23.68,-43.2,13.4893,5.28,0.2551,-0.1205,24977.0411,24.3504,-37.6497,28.7762,-42.0755,7,1,2,UHI Rendah 🟢,Rendah
Padang Panjang,Padang_Panjang,2025,-5.5991,17.57,-19.14,7.2775,5.38,0.2246,-0.0952,26769.2498,21.0815,-26.6806,28.7762,-34.3753,10,1,2,UHI Rendah 🟢,Rendah
Pariaman,Pariaman,2015,34.5571,44.85,31.06,2.0259,37.16,0.273,-0.0813,33838.6022,31.6088,2.9483,34.5571,0.0,0,1,1,UHI Intensif 🔴,Tinggi
Pariaman,Pariaman,2016,11.0272,36.41,-11.09,7.9534,21.45,0.2273,-0.0588,28977.2424,0.28905000000000003,10.7382,34.5571,-23.5299,1,1,1,UHI Intensif 🔴,Tinggi
Pariaman,Pariaman,2017,35.0408,47.52,21.24,3.1105,38.72,0.3256,-0.1469,33086.6011,31.8187,3.2221,34.5571,0.4837,2,1,1,UHI Intensif 🔴,Tinggi
Pariaman,Pariaman,2018,37.7087,51.18,24.33,2.8277,41.15,0.3142,-0.1562,35290.6692,32.7504,4.9583,34.5571,3.1516,3,1,1,UHI Intensif 🔴,Tinggi
Pariaman,Pariaman,2019,36.4315,48.64,22.43,3.2675,40.18,0.3168,-0.146,34224.7658,33.3499,3.0816,34.5571,1.8744,4,1,1,UHI Intensif 🔴,Tinggi
Pariaman,Pariaman,2020,36.5727,48.02,26.07,2.739,39.98,0.3144,-0.148,34477.0377,25.456,11.1167,34.5571,2.0156,5,1,1,UHI Intensif 🔴,Tinggi
Pariaman,Pariaman,2021,37.0422,48.91,31.41,2.4225,40.26,0.315,-0.1597,35365.1521,33.4272,3.615,34.5571,2.4851,6,1,1,UHI Intensif 🔴,Tinggi
Pariaman,Pariaman,2022,33.9107,47.12,15.56,3.2963,37.47,0.3101,-0.1357,33091.7133,24.3504,9.5603,34.5571,-0.6464,7,1,1,UHI Intensif 🔴,Tinggi
Pariaman,Pariaman,2023,37.678,50.94,27.08,3.2094,41.5,0.3002,-0.1421,35334.4682,23.54175,14.1362,34.5571,3.1209,8,1,1,UHI Intensif 🔴,Tinggi
Pariaman,Pariaman,2024,35.5913,48.13,21.94,2.8816,39.17,0.2985,-0.1482,35608.7622,23.971,11.6203,34.5571,1.0342,9,1,1,UHI Intensif 🔴,Tinggi
Pariaman,Pariaman,2025,26.6039,44.84,1.31,7.4123,35.35,0.2872,-0.1376,33375.9444,21.0815,5.5224,34.5571,-7.9532,10,1,1,UHI Intensif 🔴,Tinggi
Payakumbuh,Payakumbuh,2015,32.7768,43.2,18.0,2.5503,36.14,0.2904,-0.1168,35715.8076,31.6088,1.168,32.7768,0.0,0,1,1,UHI Intensif 🔴,Tinggi
Payakumbuh,Payakumbuh,2017,34.6066,48.55,27.36,3.0934,38.8,0.3075,-0.1653,35477.3095,31.8187,2.7879,32.7768,1.8298,2,1,1,UHI Intensif 🔴,Tinggi
Payakumbuh,Payakumbuh,2018,32.7504,47.01,16.96,4.1749,37.66,0.2823,-0.1625,36433.1811,32.7504,0.0,32.7768,-0.0264,3,1,1,UHI Intensif 🔴,Sedang
Payakumbuh,Payakumbuh,2019,33.681,49.08,20.19,3.3941,38.12,0.2985,-0.1568,35442.4911,33.3499,0.3311,32.7768,0.9042,4,1,1,UHI Intensif 🔴,Sedang
Payakumbuh,Payakumbuh,2021,33.9882,46.41,26.03,2.9445,37.88,0.2878,-0.1485,35589.7965,33.4272,0.561,32.7768,1.2114,6,1,1,UHI Intensif 🔴,Tinggi
Payakumbuh,Payakumbuh,2022,34.9094,49.44,25.48,3.207,39.12,0.2854,-0.1509,36068.6781,24.3504,10.559,32.7768,2.1326,7,1,1,UHI Intensif 🔴,Tinggi
Payakumbuh,Payakumbuh,2025,22.2457,37.39,4.19,4.8546,28.36,0.2777,-0.1456,33248.6485,21.0815,1.1642,32.7768,-10.5311,10,1,1,UHI Intensif 🔴,Tinggi
Sawahlunto,Sawahlunto,2015,27.9212,41.81,15.62,2.8489,30.92,0.213,-0.0129,31956.2993,31.6088,-3.6876,27.9212,0.0,0,1,0,UHI Sedang 🟡,Rendah
Sawahlunto,Sawahlunto,2016,-36.2291,29.0,-76.09,13.3485,-20.53,0.1767,0.0238,17922.8601,0.28905000000000003,-36.5182,27.9212,-64.1503,1,1,0,UHI Sedang 🟡,Rendah
Sawahlunto,Sawahlunto,2017,30.3547,45.81,18.8,2.5163,33.46,0.3724,-0.1734,31426.891,31.8187,-1.464,27.9212,2.4335,2,1,0,UHI Sedang 🟡,Rendah
Sawahlunto,Sawahlunto,2018,28.6431,50.12,7.95,5.3638,34.93,0.346,-0.1688,32270.9772,32.7504,-4.1073,27.9212,0.7219,3,1,0,UHI Sedang 🟡,Rendah
Sawahlunto,Sawahlunto,2019,29.3648,47.57,18.09,2.8116,32.82,0.3524,-0.1582,31284.5544,33.3499,-3.9851,27.9212,1.4436,4,1,0,UHI Sedang 🟡,Rendah
Sawahlunto,Sawahlunto,2020,19.7315,37.85,-55.69,8.1341,27.12,0.3194,-0.1299,29545.1205,25.456,-5.7245,27.9212,-8.1897,5,1,0,UHI Sedang 🟡,Rendah
Sawahlunto,Sawahlunto,2021,31.5143,46.53,23.11,2.3365,34.49,0.3732,-0.1688,31379.3063,33.4272,-1.9129,27.9212,3.5931,6,1,0,UHI Sedang 🟡,Rendah
Sawahlunto,Sawahlunto,2022,24.3504,37.73,-1.87,2.7973,27.08,0.3453,-0.1505,30332.9008,24.3504,0.0,27.9212,-3.5708,7,1,0,UHI Sedang 🟡,Sedang
Sawahlunto,Sawahlunto,2023,15.8463,41.23,-5.24,4.9549,21.61,0.3022,-0.1134,28910.0613,23.54175,-7.6955,27.9212,-12.0749,8,1,0,UHI Sedang 🟡,Rendah
Sawahlunto,Sawahlunto,2024,22.4738,35.05,13.09,3.1479,26.35,0.2458,-0.0894,32313.1109,23.971,-1.4972,27.9212,-5.4474,9,1,0,UHI Sedang 🟡,Rendah
Sawahlunto,Sawahlunto,2025,21.0815,44.01,-46.62,6.9668,25.77,0.3636,-0.1569,29212.0816,21.0815,0.0,27.9212,-6.8397,10,1,0,UHI Sedang 🟡,Sedang
Solok,Solok,2015,26.1283,62.0,13.13,3.712,30.67,0.2881,-0.1005,31599.7788,31.6088,-5.4805,26.1283,0.0,0,1,0,UHI Sedang 🟡,Rendah
Solok,Solok,2016,2.9215,51.82,-75.39,13.1298,15.43,0.2105,-0.0292,26273.5262,0.28905000000000003,2.6324,26.1283,-23.2068,1,1,0,UHI Sedang 🟡,Tinggi
Solok,Solok,2017,26.1037,65.57,-26.96,4.4305,31.59,0.342,-0.1496,30261.5979,31.8187,-5.715,26.1283,-0.0246,2,1,0,UHI Sedang 🟡,Rendah
Solok,Solok,2018,26.4093,69.77,5.41,5.4188,33.74,0.337,-0.153,30807.9976,32.7504,-6.3411,26.1283,0.281,3,1,0,UHI Sedang 🟡,Rendah
Solok,Solok,2019,25.0537,61.15,12.14,4.0762,30.22,0.319,-0.1387,30603.0653,33.3499,-8.2962,26.1283,-1.0746,4,1,0,UHI Sedang 🟡,Rendah
Solok,Solok,2020,17.5134,60.32,-57.95,17.4464,29.22,0.3017,-0.1191,29301.9244,25.456,-7.9426,26.1283,-8.6149,5,1,0,UHI Sedang 🟡,Rendah
Solok,Solok,2021,26.6658,66.21,-13.11,5.4364,32.35,0.3344,-0.1449,30772.4949,33.4272,-6.7614,26.1283,0.5375,6,1,0,UHI Sedang 🟡,Rendah
Solok,Solok,2022,22.7443,67.42,-18.55,4.618,27.86,0.3317,-0.1401,29709.5909,24.3504,-1.6061,26.1283,-3.384,7,1,0,UHI Sedang 🟡,Rendah
Solok,Solok,2023,17.8769,65.15,-35.39,6.3038,25.2,0.251,-0.0771,29833.8721,23.54175,-5.6649,26.1283,-8.2514,8,1,0,UHI Sedang 🟡,Rendah
Solok,Solok,2024,17.6233,55.24,-12.44,6.4711,25.1,0.2105,-0.0498,30795.1511,23.971,-6.3477,26.1283,-8.505,9,1,0,UHI Sedang 🟡,Rendah
Solok,Solok,2025,10.2421,47.46,-88.51,14.8403,24.54,0.3262,-0.1309,27181.268,21.0815,-10.8394,26.1283,-15.8862,10,1,0,UHI Sedang 🟡,Rendah
